Date,Open,High,Low,Close,Adj Close,Volume
2018-08-07,209.320007,209.5,206.759995,207.110001,207.110001,25550200
2018-08-06,208.0,209.25,207.070007,209.070007,209.070007,25425400
2018-08-03,207.029999,208.740005,205.479996,207.990005,207.990005,33447400
2018-08-02,200.580002,208.380005,200.350006,207.389999,207.389999,62404000
2018-08-01,199.130005,201.759995,197.309998,201.5,201.5,67935700
2018-07-31,190.300003,192.139999,189.33999599999999,190.28999299999998,190.28999299999998,39373000
2018-07-30,191.899994,192.199997,189.070007,189.91000400000001,189.91000400000001,21029500
2018-07-27,194.990005,195.190002,190.100006,190.979996,190.979996,24024000
2018-07-26,194.610001,195.96000700000002,193.610001,194.21000700000002,194.21000700000002,19076000
2018-07-25,193.059998,194.850006,192.429993,194.820007,194.820007,16709900
2018-07-24,192.449997,193.66000400000001,192.050003,193.0,193.0,18697900
2018-07-23,190.679993,191.96000700000002,189.559998,191.610001,191.610001,15989400
2018-07-20,191.779999,192.429993,190.169998,191.440002,191.440002,20676200
2018-07-19,189.690002,192.550003,189.690002,191.880005,191.880005,20286800
2018-07-18,191.779999,191.800003,189.929993,190.399994,190.399994,16393400
2018-07-17,189.75,191.869995,189.199997,191.449997,191.449997,15534500
2018-07-16,191.520004,192.649994,190.419998,190.91000400000001,190.91000400000001,15043100
2018-07-13,191.080002,191.83999599999999,190.899994,191.330002,191.330002,12513900
2018-07-12,189.529999,191.41000400000001,189.309998,191.029999,191.029999,18041100
2018-07-11,188.5,189.779999,187.610001,187.880005,187.880005,18831500
2018-07-10,190.71000700000002,191.279999,190.179993,190.350006,190.350006,15939100
2018-07-09,189.5,190.679993,189.300003,190.580002,190.580002,19756600
2018-07-06,185.419998,188.429993,185.199997,187.970001,187.970001,17485200
2018-07-05,185.259995,186.41000400000001,184.279999,185.399994,185.399994,16604200
2018-07-03,187.78999299999998,187.949997,183.53999299999998,183.919998,183.919998,13954800
2018-07-02,183.820007,187.300003,183.419998,187.179993,187.179993,17731300
2018-06-29,186.28999299999998,187.190002,182.91000400000001,185.110001,185.110001,22737700
2018-06-28,184.100006,186.21000700000002,183.800003,185.5,185.5,17365200
2018-06-27,185.229996,187.279999,184.029999,184.16000400000001,184.16000400000001,25285300
2018-06-26,182.990005,186.529999,182.53999299999998,184.429993,184.429993,24569200
2018-06-25,183.399994,184.919998,180.729996,182.169998,182.169998,31663100
2018-06-22,186.119995,186.149994,184.699997,184.919998,184.919998,27200400
2018-06-21,187.25,188.350006,184.940002,185.46000700000002,185.46000700000002,25711900
2018-06-20,186.350006,187.199997,185.729996,186.5,186.5,20628700
2018-06-19,185.139999,186.330002,183.449997,185.690002,185.690002,33578500
2018-06-18,187.880005,189.220001,187.199997,188.740005,188.740005,18484900
2018-06-15,190.029999,190.16000400000001,188.259995,188.83999599999999,188.83999599999999,61719200
2018-06-14,191.550003,191.570007,190.220001,190.800003,190.800003,21610100
2018-06-13,192.419998,192.880005,190.440002,190.699997,190.699997,21638400
2018-06-12,191.389999,192.610001,191.149994,192.279999,192.279999,16911100
2018-06-11,191.350006,191.970001,190.21000700000002,191.229996,191.229996,18308500
2018-06-08,191.169998,192.0,189.770004,191.699997,191.699997,26656800
2018-06-07,194.139999,194.199997,192.33999599999999,193.46000700000002,193.46000700000002,21347200
2018-06-06,193.630005,194.080002,191.919998,193.979996,193.979996,20933600
2018-06-05,193.070007,193.940002,192.360001,193.309998,193.309998,21566000
2018-06-04,191.639999,193.419998,191.350006,191.830002,191.830002,26132000
2018-06-01,187.990005,190.259995,187.75,190.240005,190.240005,23250400
2018-05-31,187.220001,188.229996,186.139999,186.869995,186.869995,27482800
2018-05-30,187.720001,188.0,186.779999,187.5,187.5,18690500
2018-05-29,187.600006,188.75,186.869995,187.899994,187.899994,22369000
2018-05-25,188.229996,189.649994,187.649994,188.580002,188.580002,17461000
2018-05-24,188.770004,188.83999599999999,186.21000700000002,188.149994,188.149994,20401000
2018-05-23,186.350006,188.5,185.759995,188.360001,188.360001,19467900
2018-05-22,188.380005,188.880005,186.779999,187.16000400000001,187.16000400000001,15240700
2018-05-21,188.0,189.270004,186.91000400000001,187.630005,187.630005,18400800
2018-05-18,187.190002,187.809998,186.130005,186.309998,186.309998,18297700
2018-05-17,188.0,188.91000400000001,186.360001,186.990005,186.990005,17294000
2018-05-16,186.070007,188.46000700000002,186.0,188.179993,188.179993,19183100
2018-05-15,186.779999,187.070007,185.100006,186.440002,186.440002,23695200
2018-05-14,189.009995,189.529999,187.860001,188.149994,188.149994,20778800
2018-05-11,189.490005,190.059998,187.449997,188.58999599999999,188.58999599999999,26212200
2018-05-10,187.740005,190.369995,187.649994,190.03999299999998,189.309998,27989300
2018-05-09,186.550003,187.399994,185.220001,187.360001,186.640305,23211200
2018-05-08,184.990005,186.220001,183.669998,186.050003,185.335327,28402800
2018-05-07,185.179993,187.669998,184.75,185.16000400000001,184.448746,42451400
2018-05-04,178.25,184.25,178.169998,183.830002,183.12385600000002,56201300
2018-05-03,175.880005,177.5,174.440002,176.889999,176.21051,34068200
2018-05-02,175.229996,177.75,173.800003,176.570007,175.891754,66539400
2018-05-01,166.41000400000001,169.199997,165.270004,169.100006,168.450439,53569400
2018-04-30,162.130005,167.259995,161.83999599999999,165.259995,164.62518300000002,42427400
2018-04-27,164.0,164.330002,160.630005,162.320007,161.69648700000002,35655800
2018-04-26,164.119995,165.729996,163.369995,164.220001,163.58918799999998,27963000
2018-04-25,162.619995,165.419998,162.41000400000001,163.649994,163.021362,28382100
2018-04-24,165.669998,166.330002,161.220001,162.940002,162.314102,33692000
2018-04-23,166.830002,166.919998,164.08999599999999,165.240005,164.60527,36515500
2018-04-20,170.600006,171.220001,165.429993,165.720001,165.08342,65491100
2018-04-19,173.759995,175.389999,172.66000400000001,172.800003,172.13623,34808800
2018-04-18,177.809998,178.820007,176.880005,177.83999599999999,177.15686000000002,20754500
2018-04-17,176.490005,178.940002,176.41000400000001,178.240005,177.555328,26605400
2018-04-16,175.029999,176.190002,174.830002,175.820007,175.144638,21578400
2018-04-13,174.779999,175.83999599999999,173.850006,174.729996,174.058807,25124300
2018-04-12,173.41000400000001,175.0,173.03999299999998,174.139999,173.47108500000002,22889300
2018-04-11,172.229996,173.919998,171.699997,172.440002,171.777618,22431600
2018-04-10,173.0,174.0,171.529999,173.25,172.584503,28408600
2018-04-09,169.880005,173.08999599999999,169.850006,170.050003,169.39678999999998,29017700
2018-04-06,170.970001,172.479996,168.199997,168.380005,167.733215,35005300
2018-04-05,172.580002,174.229996,172.080002,172.800003,172.13623,26933200
2018-04-04,164.880005,172.009995,164.770004,171.610001,170.950806,34605500
2018-04-03,167.639999,168.75,164.880005,168.389999,167.74316399999998,30278000
2018-04-02,166.639999,168.940002,164.470001,166.679993,166.039734,37586800
2018-03-29,167.809998,171.75,166.899994,167.779999,167.13551299999997,38398500
2018-03-28,167.25,170.020004,165.190002,166.479996,165.8405,41668500
2018-03-27,173.679993,175.149994,166.919998,168.33999599999999,167.69335900000002,40922600
2018-03-26,168.070007,173.100006,166.440002,172.770004,172.106354,37541200
2018-03-23,168.389999,169.919998,164.940002,164.940002,164.306427,41028800
2018-03-22,170.0,172.679993,168.600006,168.850006,168.201401,41490800
2018-03-21,175.03999299999998,175.08999599999999,171.259995,171.270004,170.612106,37054900
2018-03-20,175.240005,176.800003,174.940002,175.240005,174.56686399999998,19649400
2018-03-19,177.320007,177.470001,173.66000400000001,175.300003,174.626633,33446800
2018-03-16,178.649994,179.119995,177.619995,178.020004,177.336182,39404700
2018-03-15,178.5,180.240005,178.070007,178.649994,177.963745,22743800
2018-03-14,180.320007,180.520004,177.809998,178.440002,177.75456200000002,29368400
2018-03-13,182.58999599999999,183.5,179.240005,179.970001,179.27868700000002,31693500
2018-03-12,180.28999299999998,182.389999,180.21000700000002,181.720001,181.02195700000001,32207100
2018-03-09,177.96000700000002,180.0,177.389999,179.979996,179.288635,32185200
2018-03-08,175.479996,177.119995,175.070007,176.940002,176.26033,23774100
2018-03-07,174.940002,175.850006,174.270004,175.029999,174.357666,31703500
2018-03-06,177.91000400000001,178.25,176.130005,176.669998,175.99136399999998,23788500
2018-03-05,175.21000700000002,177.740005,174.520004,176.820007,176.140793,28401400
2018-03-02,172.800003,176.300003,172.449997,176.21000700000002,175.533142,38454000
2018-03-01,178.53999299999998,179.779999,172.66000400000001,175.0,174.327774,48802000
2018-02-28,179.259995,180.619995,178.050003,178.119995,177.435791,37782100
2018-02-27,179.100006,180.479996,178.16000400000001,178.389999,177.704758,38928100
2018-02-26,176.350006,179.389999,176.21000700000002,178.970001,178.282532,38162200
2018-02-23,173.669998,175.649994,173.53999299999998,175.5,174.825851,33812400
2018-02-22,171.800003,173.949997,171.71000700000002,172.5,171.837372,30991900
2018-02-21,172.830002,174.119995,171.009995,171.070007,170.412872,37471600
2018-02-20,172.050003,174.259995,171.419998,171.850006,171.18988000000002,33930500
2018-02-16,172.360001,174.820007,171.770004,172.429993,171.767639,40176100
2018-02-15,169.78999299999998,173.08999599999999,169.0,172.990005,172.3255,51147200
2018-02-14,163.03999299999998,167.53999299999998,162.880005,167.369995,166.727081,40644900
2018-02-13,161.949997,164.75,161.649994,164.33999599999999,163.708725,32549200
2018-02-12,158.5,163.889999,157.509995,162.71000700000002,162.084991,60819500
2018-02-09,157.070007,157.889999,150.240005,156.41000400000001,155.809189,70672600
2018-02-08,160.28999299999998,161.0,155.029999,155.149994,153.92643700000002,54390500
2018-02-07,163.08999599999999,163.399994,159.070007,159.53999299999998,158.281815,51608600
2018-02-06,154.830002,163.720001,154.0,163.029999,161.744293,68243800
2018-02-05,159.100006,163.880005,156.0,156.490005,155.25589,72738500
2018-02-02,166.0,166.800003,160.100006,160.5,159.234253,86593800
2018-02-01,167.169998,168.619995,166.759995,167.779999,166.456848,47230800
2018-01-31,166.869995,168.440002,166.5,167.429993,166.109604,32478900
2018-01-30,165.529999,167.369995,164.699997,166.970001,165.653244,46048200
2018-01-29,170.16000400000001,170.16000400000001,167.070007,167.96000700000002,166.635422,50640400
2018-01-26,172.0,172.0,170.059998,171.509995,170.157425,39143000
2018-01-25,174.509995,174.949997,170.529999,171.110001,169.760574,41529000
2018-01-24,177.25,177.300003,173.199997,174.220001,172.846054,51105100
2018-01-23,177.300003,179.440002,176.820007,177.03999299999998,175.643814,32689100
2018-01-22,177.300003,177.779999,176.600006,177.0,175.604141,27108600
2018-01-19,178.610001,179.580002,177.41000400000001,178.46000700000002,177.052628,32425100
2018-01-18,179.369995,180.100006,178.25,179.259995,177.84631299999998,31193400
2018-01-17,176.149994,179.25,175.070007,179.100006,177.687576,33888500
2018-01-16,177.899994,179.389999,176.139999,176.190002,174.80053700000002,29565900
2018-01-12,176.179993,177.360001,175.649994,177.08999599999999,175.69342,25418100
2018-01-11,174.58999599999999,175.490005,174.490005,175.279999,173.897705,18667700
2018-01-10,173.16000400000001,174.300003,173.0,174.28999299999998,172.915497,23959900
2018-01-09,174.550003,175.059998,173.41000400000001,174.330002,172.9552,21584000
2018-01-08,174.350006,175.610001,173.929993,174.350006,172.97503700000001,20567800
2018-01-05,173.440002,175.369995,173.050003,175.0,173.619904,23660000
2018-01-04,172.53999299999998,173.470001,172.080002,173.029999,171.665436,22434600
2018-01-03,172.529999,174.550003,171.96000700000002,172.229996,170.871735,29517900
2018-01-02,170.16000400000001,172.300003,169.259995,172.259995,170.90150500000001,25555900
2017-12-29,170.520004,170.58999599999999,169.220001,169.229996,167.89541599999998,25999900
2017-12-28,171.0,171.850006,170.479996,171.080002,169.73082,16480200
2017-12-27,170.100006,170.779999,169.71000700000002,170.600006,169.25460800000002,21498200
2017-12-26,170.800003,171.470001,169.679993,170.570007,169.22483799999998,33185500
2017-12-22,174.679993,175.419998,174.5,175.009995,173.629822,16349400
2017-12-21,174.169998,176.020004,174.100006,175.009995,173.629822,20949900
2017-12-20,174.869995,175.419998,173.25,174.350006,172.97503700000001,23475600
2017-12-19,175.029999,175.389999,174.08999599999999,174.53999299999998,173.163528,27436400
2017-12-18,174.880005,177.199997,174.860001,176.419998,175.028717,29421100
2017-12-15,173.630005,174.169998,172.46000700000002,173.970001,172.598022,40169300
2017-12-14,172.399994,173.130005,171.649994,172.220001,170.861832,20476500
2017-12-13,172.5,173.53999299999998,172.0,172.270004,170.91143799999998,23818400
2017-12-12,172.149994,172.389999,171.46000700000002,171.699997,170.345932,19409200
2017-12-11,169.199997,172.889999,168.78999299999998,172.669998,171.308289,35273800
2017-12-08,170.490005,171.0,168.820007,169.369995,168.034302,23355200
2017-12-07,169.029999,170.440002,168.91000400000001,169.320007,167.984711,25673300
2017-12-06,167.5,170.199997,166.46000700000002,169.009995,167.67713899999998,28560000
2017-12-05,169.059998,171.520004,168.399994,169.639999,168.30217,27350200
2017-12-04,172.479996,172.619995,169.630005,169.800003,168.460922,32542400
2017-12-01,169.949997,171.669998,168.5,171.050003,169.70105,39759300
2017-11-30,170.429993,172.139999,168.440002,171.850006,170.494751,41527200
2017-11-29,172.630005,172.919998,167.16000400000001,169.479996,168.14343300000002,41666400
2017-11-28,174.300003,174.869995,171.860001,173.070007,171.705139,26428800
2017-11-27,175.050003,175.080002,173.33999599999999,174.08999599999999,172.717072,20716800
2017-11-24,175.100006,175.5,174.649994,174.970001,173.590149,14026700
2017-11-22,173.360001,175.0,173.050003,174.96000700000002,173.580231,25588900
2017-11-21,170.779999,173.699997,170.779999,173.139999,171.774567,25131300
2017-11-20,170.28999299999998,170.559998,169.559998,169.979996,168.639496,16262400
2017-11-17,171.03999299999998,171.389999,169.639999,170.149994,168.808151,21899500
2017-11-16,171.179993,171.869995,170.300003,171.100006,169.75067099999998,23637500
2017-11-15,169.970001,170.320007,168.380005,169.080002,167.74658200000002,29158100
2017-11-14,173.03999299999998,173.479996,171.179993,171.33999599999999,169.988754,24782500
2017-11-13,173.5,174.5,173.399994,173.970001,172.598022,16982100
2017-11-10,175.110001,175.380005,174.270004,174.669998,173.29251100000002,25145500
2017-11-09,175.110001,176.100006,173.139999,175.880005,173.86795,29482600
2017-11-08,174.66000400000001,176.240005,174.330002,176.240005,174.22383100000002,24409500
2017-11-07,173.91000400000001,175.25,173.600006,174.809998,172.81016499999998,24361500
2017-11-06,172.369995,174.990005,171.720001,174.25,172.256577,35026300
2017-11-03,174.0,174.259995,171.119995,172.5,170.52659599999998,59398600
2017-11-02,166.600006,168.5,165.279999,168.110001,166.18682900000002,41393400
2017-11-01,169.869995,169.940002,165.610001,166.889999,164.980774,33637800
2017-10-31,167.899994,169.649994,166.940002,169.03999299999998,167.106186,36046800
2017-10-30,163.889999,168.070007,163.720001,166.720001,164.812729,44700800
2017-10-27,159.28999299999998,163.600006,158.699997,163.050003,161.184708,44454200
2017-10-26,157.229996,157.830002,156.779999,157.41000400000001,155.609222,17000500
2017-10-25,156.91000400000001,157.550003,155.270004,156.41000400000001,154.62068200000002,21207100
2017-10-24,156.28999299999998,157.419998,156.199997,157.100006,155.302765,17757200
2017-10-23,156.889999,157.690002,155.5,156.169998,154.383408,21984300
2017-10-20,156.610001,157.75,155.96000700000002,156.25,154.462494,23974100
2017-10-19,156.75,157.080002,155.020004,155.979996,154.195572,42584200
2017-10-18,160.419998,160.71000700000002,159.600006,159.759995,157.932343,16374200
2017-10-17,159.779999,160.869995,159.229996,160.470001,158.63421599999998,18997300
2017-10-16,157.899994,160.0,157.649994,159.880005,158.050964,24121500
2017-10-13,156.729996,157.279999,156.41000400000001,156.990005,155.194031,16394200
2017-10-12,156.350006,157.369995,155.729996,156.0,154.215363,16125100
2017-10-11,155.970001,156.979996,155.75,156.550003,154.759079,16905600
2017-10-10,156.059998,158.0,155.100006,155.899994,154.116486,15617000
2017-10-09,155.809998,156.729996,155.490005,155.83999599999999,154.057175,16262900
2017-10-06,154.970001,155.490005,154.559998,155.300003,153.52336100000002,17407600
2017-10-05,154.179993,155.440002,154.050003,155.389999,153.612335,21283800
2017-10-04,153.630005,153.860001,152.46000700000002,153.479996,151.724197,20163800
2017-10-03,154.009995,155.08999599999999,153.91000400000001,154.479996,152.712738,16230300
2017-10-02,154.259995,154.449997,152.720001,153.809998,152.050415,18698800
2017-09-29,153.21000700000002,154.130005,152.0,154.119995,152.35685700000002,26299800
2017-09-28,153.889999,154.279999,152.699997,153.279999,151.526474,22005500
2017-09-27,153.800003,154.720001,153.53999299999998,154.229996,152.465607,25504200
2017-09-26,151.779999,153.919998,151.690002,153.139999,151.38806200000002,36660000
2017-09-25,149.990005,151.830002,149.16000400000001,150.550003,148.827698,44387300
2017-09-22,151.53999299999998,152.270004,150.559998,151.889999,150.15239,46645400
2017-09-21,155.800003,155.800003,152.75,153.389999,151.635208,37511700
2017-09-20,157.899994,158.259995,153.830002,156.070007,154.284561,52951400
2017-09-19,159.509995,159.770004,158.440002,158.729996,156.914124,20810600
2017-09-18,160.110001,160.5,158.0,158.669998,156.85481299999998,28269400
2017-09-15,158.470001,160.970001,158.0,159.880005,158.050964,49114600
2017-09-14,158.990005,159.399994,158.08999599999999,158.279999,156.469269,23760700
2017-09-13,159.869995,159.96000700000002,157.91000400000001,159.649994,157.823593,44907400
2017-09-12,162.610001,163.96000700000002,158.770004,160.860001,159.01976000000002,71714000
2017-09-11,160.5,162.050003,159.889999,161.5,159.652451,31085900
2017-09-08,160.860001,161.149994,158.529999,158.630005,156.815277,28611500
2017-09-07,162.08999599999999,162.240005,160.360001,161.259995,159.415192,21928500
2017-09-06,162.71000700000002,162.990005,160.520004,161.91000400000001,160.05775500000001,21651700
2017-09-05,163.75,164.25,160.559998,162.080002,160.22581499999998,29468500
2017-09-01,164.800003,164.940002,163.630005,164.050003,162.173279,16591100
2017-08-31,163.639999,164.520004,163.479996,164.0,162.12384,26785100
2017-08-30,163.800003,163.889999,162.610001,163.350006,161.481277,27269600
2017-08-29,160.100006,163.119995,160.0,162.91000400000001,161.046326,29516900
2017-08-28,160.139999,162.0,159.929993,161.470001,159.62278700000002,25966000
2017-08-25,159.649994,160.559998,159.270004,159.860001,158.03118899999998,25480100
2017-08-24,160.429993,160.740005,158.550003,159.270004,157.44795200000002,19818900
2017-08-23,159.070007,160.470001,158.880005,159.979996,158.149826,19399100
2017-08-22,158.229996,160.0,158.020004,159.779999,157.95211799999998,21604600
2017-08-21,157.5,157.889999,155.110001,157.21000700000002,155.41153,26368500
2017-08-18,157.860001,159.5,156.720001,157.5,155.698212,27428100
2017-08-17,160.520004,160.71000700000002,157.83999599999999,157.860001,156.054092,27940600
2017-08-16,161.940002,162.509995,160.149994,160.949997,159.108719,27671600
2017-08-15,160.66000400000001,162.199997,160.139999,161.600006,159.751297,29465500
2017-08-14,159.320007,160.21000700000002,158.75,159.850006,158.02131699999998,22122700
2017-08-11,156.600006,158.570007,156.070007,157.479996,155.678436,26257100
2017-08-10,159.899994,160.0,154.630005,155.320007,153.543152,40804300
2017-08-09,159.259995,161.270004,159.110001,161.059998,158.594666,26131500
